{"cameraMode":{"drawMode":0,"name":"Shaded","section":"Shading Mode"},"sceneLighting":true,"audioPlay":false,"sceneViewState":{"showFog":true,"showMaterialUpdate":true,"showSkybox":true,"showFlares":true,"showImageEffects":true,"showParticleSystems":true},"in2DMode":false,"pivot":{"x":12.72289752960205,"y":13.531353950500489,"z":2.834089756011963},"rotation":{"x":-0.15360358357429505,"y":-0.1620316207408905,"z":0.01665155217051506,"w":-0.97463059425354},"size":10.771053314208985,"orthographic":false}